quote, author, source,who,@
"Her new boss was an undead automaton from hell, true. But, no job is perfect",Daniel Suarez, Daemon,,@itsDanielSuarez
"In all, his outfit required nearly two thousand man-years of research and development, eight barrels of oil, and sixteen patent and trademark infringement lawsuits. All so he could possess casual style. A style that, in logistical requirements, was comparable to fielding a nineteenth-century military brigade. But he looked good. Casual",Daniel Suarez,Daemon,,@itsDanielSuarez
"Anyone who has ever tried to share pizza iwth roommates knows that Communism cannot ever work. If Lenin and Marx had just shard an apartment, perhaps a hundred million lives might have been spared and put to productive use making sneakers and office furniture",Daniel Suarez,Daemon,,@itsDanielSuarez
He was just an idea - a collection of responsibilities with a mailing address,Daniel Suarez,Daemon,,@itsDanielSuarez
Everyone on the Internet is talking about television and everyone on television is talking about the Internet. The whole damn thing is a self-licking ice cream cone and you're blaming me?,Daniel Suarez,Kill Decision,,@itsDanielSuarez
"They're called sock puppets. We create armies of artificial online personas ��� user accounts that espouse views certain interested parties want espoused. We flood forums, online comment sections, social media. ... It's amazing what a few people and a little money can accomplish online. Our puppets have turned whole elections. ��_ Everything the public sees is managed. If there's a valuable brand to protect ��� whether it's a person or a dish soap ��� these fuckers are out there protecting it, shaping the narrative. I mean��_ who the hell follows dish soap on Twitter? How does anyone believe that shit's real? (p. 292-294)",Daniel Suarez,Kill Decision,,@itsDanielSuarez
"Democracy requires active participation, and sooner or later someone 'offers' to take all the difficult decision-making away from you and your hectic life. But the darknet throws those decisions back onto you. It hard-codes democracy into the DNA of civilization. You upvote and downvote many times a day on things that directly affect your life and the lives of people around you - not just once every few years on things you haven't got a chance in hell of affecting",Daniel Suarez,Freedom,,@itsDanielSuarez
"When people become more reliant on multinational corporations than on their own communities, they surrendered whatever say they had in their government. Corporations are growing stronger while democratic government becomes increasingly helpless",Daniel Suarez,Freedom,,@itsDanielSuarez
"Until a man is twenty-five, he still thinks, every so often, that under the right circumstances he could be the baddest motherfucker in the world. If I moved to a martial-arts monastery in China and studied real hard for ten years. If my family was wiped out by Colombian drug dealers and I swore myself to revenge. If I got a fatal disease, had one year to live, and devoted it to wiping out street crime. If I just dropped out and devoted my life to being bad",Neal Stephenson,Snow Crash,,@nealstephenson
"Ninety-nine percent of everything that goes on in most Christian churches has nothing whatsoever to do with the actual religion. Intelligent people all notice this sooner or later, and they conclude that the entire one hundred percent is bullshit, which is why atheism is connected with being intelligent in people's minds",Neal Stephenson,Snow Crash,,@nealstephenson
"She's a woman, you're a dude. You're not supposed to understand her. That's not what she's after.... She doesn't want you to understand her. She knows that's impossible. She just wants you to understand yourself. Everything else is negotiable",Neal Stephenson,Snow Crash,,@nealstephenson
"When you are wrestling for possession of a sword, the man with the handle always wins",Neal Stephenson,Snow Crash,,@nealstephenson
"I just saved your fucking life, Mom. . . . You could at least offer me an Oreo",Neal Stephenson,Snow Crash,,@nealstephenson
"This is America. People do whatever the fuck they feel like doing, you got a problem with that? Because they have a right to. And because they have guns and no one can fucking stop them",Neal Stephenson,Snow Crash,,@nealstephenson
"I don't even want you to nod, that's how much you annoy me. Just freeze and shut up",Neal Stephenson,Snow Crash,,@nealstephenson
To condense fact from the vapor of nuance,Neal Stephenson,Snow Crash,,@nealstephenson
"Did you win your sword fight? Of course I won the fucking sword fight, Hiro says. I'm the greatest sword fighter in the world. And you wrote the software. Yeah. That, too, Hiro says",Neal Stephenson,Snow Crash,,@nealstephenson
"It was, of course, nothing more than sexism, the especially virulent type espoused by male techies who sincerely believe that they are too smart to be sexists",Neal Stephenson,Snow Crash,,@nealstephenson
"See, the world is full of things more powerful than us. But if you know how to catch a ride, you can go places,",Neal Stephenson,Snow Crash,,@nealstephenson
"Most countries are static, all they need to do is keep having babies. But America's like this big old clanking smoking machine that just lumbers across the landscape scooping up and eating everything in sight",Neal Stephenson,Snow Crash,,@nealstephenson
"When the Deliverator puts the hammer down, shit happens",Neal Stephenson,Snow Crash,,@nealstephenson
"..this is just like life must be for about 99 percent of the people in the world. You're in this place. There's other people all around you, but they don't understand you and you don't understand them, but people do a lot of pointless babbling anyway. In order to stay alive, you have to spend all day every day doing stupid meaningless work. And the only way to get out of it is to quit, cut loose, take a flyer, and go off into the wicked world, where you will be swallowed up and never heard from again",Neal Stephenson,Snow Crash,,@nealstephenson
"Until a man is twenty-five, he still thinks, every so often, that under the right circumstances he could be the baddest motherfucker in the world. If I moved to a martial-arts monastery in China and studied real hard for ten years. If my family was wiped out by Colombian drug dealers and I swore myself to revenge. If I got a fatal disease, had one year to live, and devoted it to wiping out street crime. If I just dropped out and devoted my life to being bad. Hiro used to feel this way, too, but then he ran into Raven. In a way, this was liberating. He no longer has to worry about being the baddest motherfucker in the world. The position is taken",Neal Stephenson,Snow Crash,,@nealstephenson
"All people have religions. It's like we have religion receptors built into our brain cells, or something, and we'll latch onto anything that'll fill that niche for us",Neal Stephenson,Snow Crash,,@nealstephenson
"Supposing that originally there was nothing but one creator, how could ordinary binary sexual relations come into being?",Neal Stephenson,Snow Crash,,@nealstephenson
He turns off the techno-shit in his goggles. All it does is confuse him; he stands there reading statistics about his own death even as it's happening to him. Very post-modern,Neal Stephenson,Snow Crash,,@nealstephenson
"The franchise and the virus work on the same principle, what thrives in one place will thrive in another. You just have to find a sufficiently virulent business plan, condense it into a three-ring binder �ۥ its DNA �ۥ Xerox it, and embed it in the fertile line of a well-traveled highway, preferably one with a left turn lane. Then the growth will expand until it runs up against its property lines",Neal Stephenson,Snow Crash,,@nealstephenson
"Well, all information looks like noise until you break the code",Neal Stephenson,Snow Crash,,@nealstephenson
"It's, like, one of them drug dealer boats, Vic says, looking through his magic sight. Five guys on it. Headed our way. He fires another round. Correction. Four guys on it. Boom. Correction, they're not headed our way anymore. Boom. A fireball erupts from the ocean two hundred feet away. Correction. No boat",Neal Stephenson,Snow Crash,,@nealstephenson
"We are all susceptible to the pull of viral ideas. Like mass hysteria. Or a tune that gets into your head that you keep humming all day until you spread it to someone else. Jokes. Urban legends. Crackpot religions. Marxism. No matter how smart we get, there is always this deep irrational part that makes us potential hosts for self-replicating information",Neal Stephenson,Snow Crash,,@nealstephenson
Jack the sound barrier. Bring the noise,Neal Stephenson,Snow Crash,,@nealstephenson
"The Deliverator belongs to an elite order, a hallow subcategory. He's got esprit up to here. Right now, he is preparing to carry out his third mission of the night. His uniform is black as activated charcoal, filtering the very light out of the air. A bullet will bounce off its arachnofiber weave like a wren hitting a patio door, but excess perspiration wafts through it like a breeze through a freshly napalmed forest. Where his body has bony extremities, the suit has sintered armorgel: feels like gritty jello, protects like a stack of telephone books",Neal Stephenson,Snow Crash,,@nealstephenson
The sight of the bare katana inspires everyone to a practically Nipponese level of politeness,Neal Stephenson,Snow Crash,,@nealstephenson
"When it gets down to it ��� talking trade balances here ��� once we've brain-drained all our technology into other countries, once things have evened out, they're making cars in Bolivia and microwave ovens in Tadzhikistan and selling them here ��� once our edge in natural resources has been made irrelevant by giant Hong Kong ships and dirigibles that can ship North Dakota all the way to New Zealand for a nickel ��� once the Invisible Hand has taken away all those historical inequities and smeared them out into a broad global layer of what a Pakistani brickmaker would consider to be prosperity ��� y'know what? There's only four things we do better than anyone else: music, movies, microcode (software), high-speed pizza delivery",Neal Stephenson,Snow Crash,,@nealstephenson
"They say that in D.C., all the museums and the monuments have been concessioned out and turned into a tourist park that now generates about 10 percent of the Government's revenue. The Feds could run the concession themselves and probably keep more of the gross, but that's not the point. It's a philosophical thing. A back-to-basics thing. Government should govern. It's not in the entertainment industry, is it? Leave entertaining to Industry weirdos -- people who majored in tap dancing. Feds aren't like that. Feds are serious people. Poli-sci majors. Student council presidents. Debate club chairpersons. The kinds of people who have the grit to wear a dark wool suit and a tightly buttoned collar even when the temperature has greenhoused up to a hundred and ten degrees and the humidity is thick enough to stall a jumbo jet. The kinds of people who feel most at home on the dark side of a one-way mirror",Neal Stephenson,Snow Crash,,@nealstephenson
She's not afraid. She's wearing a dentata,Neal Stephenson,Snow Crash,,@nealstephenson
"Hiro watches the large, radioactive, spear-throwing killer drug lord ride his motorcycle into Chinatown. Which is the same as riding it into China, as far as chasing him down is concerned",Neal Stephenson,Snow Crash,,@nealstephenson
"This Snow Crash thing--is it a virus, a drug, or a religion? Juanita shrugs. What's the difference?",Neal Stephenson,Snow Crash,,@nealstephenson
"Software development, like professional sports, has a way of making thirty-year-old men feel decrepit",Neal Stephenson, Snow Crash,,@nealstephenson
Southern California doesn't know whether to bustle or just strangle itself on the spot,Neal Stephenson, Snow Crash,,@nealstephenson
"Besides, interesting things happen along borders���transitions���not in the middle where everything is the same",Neal Stephenson, Snow Crash,,@nealstephenson
"All these beefy Caucasians with guns. Get enough of them together,looking for the America they always believed they'd grow up in, and they glom together like overcooked rice, form integral, starchy little units. With their power tools, portable generators, weapons, four-wheel-drive vehicles, and personal computers, they are like beavers hyped up on crystal meth, manic engineers without a blueprint, chewing through the wilderness, building things and abandoning them, altering the flow of mighty rivers and then moving on because the place ain't what it used to be. The byproduct of the lifestyle is polluted rivers, greenhouse effect, spouse abuse, televangelists, and serial killers. But as long as you have that four-wheel-drive vehicle and can keep driving north, you can sustain it, keep moving just quickly enough to stay one step ahead of your own waste stream. In twenty years, ten million white people will converge on the north pole and park their bagos there. The low-grade waste heat of their thermodynamically intense lifestyle will turn the crystalline icescape pliable and treacherous. It will melt a hole through the polar icecap, and all that metal will sink to the bottom, sucking the biomass down with it",Neal Stephenson,Snow Crash,,@nealstephenson
That's when the realization comes. It swims up out of her subconscious in the same way that a nightmare does. Or when you leave the house and remember half an hour later that you left a teakettle going on the stove. It's a cold clammy reality that she can't do a damn thing about,Neal Stephenson, Snow Crash,,@nealstephenson
CosaNostra Pizza doesn't have any competition. Competition goes against the Mafia ethic,Neal Stephenson, Snow Crash,,@nealstephenson
"Really, he has only two emotions: sleeping and adrenaline overdrive",Neal Stephenson, Snow Crash,,@nealstephenson
"I just saved your fucking life, Mom...It's like, if you--people of a certain age--would make some effort to just stay in touch with sort of basic, modern-day events, then your kids wouldn't have to take these drastic measures",Neal Stephenson, Snow Crash,,@nealstephenson
"Hiro is a talented drifter. This is the kind of lifestyle that sounded romantic to him as recently as five years ago. But in the bleak light of full adulthood, which is to one's early twenties as Sunday morning is to Saturday night, he can clearly see what it really amounts to: He's broke and unemployed",Neal Stephenson, Snow Crash,,@nealstephenson
"Follow the loglo outward, to where the growth is enfolded into the valleys and the canyons, and you find the land of the refugees. They have fled from the true America, the America of atomic bombs, scalpings, hip-hop, chaos theory, cement overshoes, snake handlers, spree killers, space walks, buffalo jumps, drive-bys, cruise missiles; Sherman's March, gridlock, motorcycle gangs, and bungee jumping. They have parallel-parked their bimbo boxes in identical computer-designed Burbclave street patterns and secreted themselves in symmetrical sheetrock shitholes with vinyl floors and ill-fitting woodwork and no sidewalks, vast house farms out in the loglo wilderness, a culture medium for a medium culture",Neal Stephenson, Snow Crash,,@nealstephenson
Ideology is a virus,Neal Stephenson, Snow Crash,,@nealstephenson
"BMW drivers take evasive action at the drop of a hat, emulating the drivers in the BMW advertisements ��� this is how they convince themselves they didn't get ripped off",Neal Stephenson, Snow Crash,,@nealstephenson
...class is more than income - it has to do with knowing where you stand in a web of social relationships,Neal Stephenson, Snow Crash,,@nealstephenson
"Entire sections of them simply cannot be translated - the characters are legible and well-known, but when put together they do not say anything that leaves an imprint on the modern mind. Like instructions for programming a VCR",Neal Stephenson, Snow Crash,,@nealstephenson
"Y.T. is maxing at a Mom's Truck Stop on 405, waiting for her ride. Not that she would ever be caught dead at a Mom's Truck Stop. If, like, a semi ran her over with all eighteen of its wheels in front of a Mom's Truck Stop, she would drag herself down the shoulder of the highway using her eyelid muscles until she reached a Snooze 'n' Cruise full of horny derelicts rather than go into a Mom's Truck Stop",Neal Stephenson, Snow Crash,,@nealstephenson
There is a certain kind of small town that grows like a boil on the ass of every Army base in the world,Neal Stephenson, Snow Crash,,@nealstephenson
"...in the background she can hear the shopping carts performing their clashy, anal copulations",Neal Stephenson, Snow Crash,,@nealstephenson
"Shut up. For the rest of this conversation, you don't say anything. When I tell you what you did wrong, you don't say you're sorry, because I already know you're sorry. And when you drive outta here alive, you don't thank me for being alive. And you don't even say goodbye to me",Neal Stephenson, Snow Crash,,@nealstephenson
The world is full of power and energy and a person can go far by just skimming off a tiny bit of it,Neal Stephenson, Snow Crash,,@nealstephenson
"Shit, if I took time out to have an opinion about everything, I wouldn't get any work done",Neal Stephenson, Snow Crash,,@nealstephenson
��_he stands there reading statistics about his own death even as it's happening to him. Very post-modern,Neal Stephenson, Snow Crash,,@nealstephenson
"The franchise and the virus work on the same principle: what thrives in one place will thrive in another. You just have to find a sufficiently virulent business plan, condense it into a three-ring binder �ۥ its DNA �ۥ xerox it, and embed it in the fertile lining of a well-traveled highway, preferably one with a lef- turn lane. Then the growth will expand until it runs up against its property lines. In olden times, you'd wander down to Mom's Caf̩ for a bite to eat and a cup of joe, and you would feel right at home. It worked just fine if you never left your hometown. But if you went to the next town over, everyone would look up and stare at you when you came in the door, and the Blue Plate Special would be something you didn't recognize. If you did enough traveling, you'd never feel at home anywhere. But when a businessman from New Jersey goes to Dubuque, he knows he can walk into a McDonald's and no one will stare at him. He can order without having to look at the menu, and the food will always taste the same. McDonald's is Home, condensed into a three-ringed binder and xeroxed. No surprises is the motto of the franchise ghetto, its Good Housekeeping seal, subliminally blazoned on every sign and logo that make up the curves and grids of light that outline the Basin. The people of America, who live in the world's most surprising and terrible country, take comfort in that motto",Neal Stephenson,Snow Crash,,@nealstephenson
"No surprises is the motto of the franchise ghetto, its Good Housekeeping seal, subliminally blazoned on every sign and logo that make up the curves and grids of light that outline the Basin. The people of America, who live in the world's most surprising and terrible country, take comfort in that motto. Follow the loglo outward, to where the growth is enfolded into the valleys and the canyons, and you find the land of the refugees. They have fled from the true America, the America of atomic bombs, scalpings, hip-hop, chaos theory, cement overshoes, snake handlers, spree killers, space walks, buffalo jumps, drive-bys, cruise missiles, Sherman's March, gridlock, motorcycle gangs, and bun-gee jumping. They have parallel-parked their bimbo boxes in identical computer-designed Burbclave street patterns and secreted themselves in symmetrical sheetrock shitholes with vinyl floors and ill-fitting woodwork and no sidewalks, vast house farms out in the loglo wilderness, a culture medium for a medium culture. The only ones left in the city are street people, feeding off debris; immigrants, thrown out like shrapnel from the destruction of the Asian powers; young bohos; and the technomedia priesthood of Mr. Lee's Greater Hong Kong. Young smart people like Da5id and Hiro, who take the risk of living in the city because they like stimulation and they know they can handle it",Neal Stephenson,Snow Crash,,@nealstephenson
a scattering of schizophrenic first worlders who have long ago burned their brains to ash in the radiant heat of their own imaginings,Neal Stephenson, Snow Crash,,@nealstephenson
"Hiro feels even at this moment that something has been torn open in the world and that he is dangling above the gap, staring into a place where he does not want to be",Neal Stephenson, Snow Crash,,@nealstephenson
"On a sub, you know, there's no place for things to drain to. The survivors claimed that the blood was knee-deep all through the submarine",Neal Stephenson, Snow Crash,,@nealstephenson
"Getting through the intersection involves tracing paths through the parking system, many braided filaments of direction like the Ho Chi Minh trail",Neal Stephenson, Snow Crash,,@nealstephenson
"It's, like, one of them drug dealer boats, Vic says, looking through his magic site. Five guys on it. Headed our way. He fires another round. Correction. Four guys on it. Boom. Correction, they're not headed our way anymore. Boom. A fireball erupts from the ocean two hundred feet away. Correction. No boat",Neal Stephenson, Snow Crash,,@nealstephenson
"think that if Hiro was so convinced in his own mind that he was unworthy of her, maybe he knew something she didn't",Neal Stephenson, Snow Crash,,@nealstephenson
It's--my God--like you stretched a tarp across a stadium to turn it into a giant tom-tom and crashed a 747 into it,Neal Stephenson, Snow Crash,,@nealstephenson
"Other people - store clerks, burger flippers, software engineers, the whole vocabulary of meaningless jobs that make up Life in America - other people just rely on plain old competition. Better flip your burgers or debug your subroutines faster than your high school classmate two blocks down the strip is flipping or debugging, because we're in competition with those guys, and people notice these things. What a fucking rat race that is",Neal Stephenson, Snow Crash,,@nealstephenson
"The Deliverator's car has enough potential energy packed into its batteries to fire a pound of bacon into the Asteroid Belt. Unlike a bimbo box or a Burb beater, the Deliverator's car unloads that power through gaping, gleaming, polished, sphincters. When the Deliverator puts the hammer down, shit happens",Neal Stephenson, Snow Crash,,@nealstephenson
"Never been here before. It's like something on the top floor of a luxury high-rise casino in Atlantic City, where they put semi-retarded adults from South Philly after they've blundered into the mega jackpot Hiro Protagonist - Snow Crash""",Neal Stephenson, Snow Crash,,@nealstephenson
"Juanita believes that nothing is provably true or provably false in the Bible. Because if it's provably false, then the Bible is a lie, and if it's provably true, then the existence of God is proven and there's no room for faith",Neal Stephenson, Snow Crash,,@nealstephenson
"You are hereby warned that any movement on your part not explicitly endorsed by verbal authorization on my part may pose a direct physical risk to you, as well as consequential psychological and possibly, depending on your personal belief system, spiritual risks ensuing from your personal reaction to said physical risk. Any movement on your part constitutes an implicit and irrevocable acceptance of such risk, the first MetaCop says. There is a little speaker on his belt, simultaneously translating all of this into Spanish and Japanese. Or as we used to say, the other MetaCop says, freeze, sucker! Under provisions of The Mews at Windsor Heights Code, we are authorized to enforce law, national security concerns, and societal harmony on said territory also. A treaty between The Mews at Windsor Heights and White Columns authorizes us to place you in temporary custody until your status as an Investigatory Focus has been resolved. Your ass is busted, the second MetaCop says. As your demeanor has been nonaggressive and you carry no visible weapons, we are not authorized to employ heroic measures to ensure your cooperation, the first MetaCop says. You stay cool and we'll stay cool, the second MetaCop says. However, we are equipped with devices, including but not limited to projectile weapons, which, if used, may pose an extreme and immediate threat to your health and well-being. Make one funny move and we'll blow your head off, the second MetaCop says""",Neal Stephenson, Snow Crash,,@nealstephenson
"A Kourier has to establish space on the pavement. Predictable law-abiding behavior lulls drivers. They mentally assign you to a little box in the lane, assume you will stay there, can't handle it when you leave that little box",Neal Stephenson, Snow Crash,,@nealstephenson
so efficient it doesn't waste power by making noise,Neal Stephenson, Snow Crash,,@nealstephenson
"The sky above the port was the color of television, tuned to a dead channel",William Gibson,Neuromancer,,@GreatDismal
"Cyberspace. A consensual hallucination experienced daily by billions of legitimate operators, in every nation, by children being taught mathematical concepts... A graphic representation of data abstracted from banks of every computer in the human system. Unthinkable complexity. Lines of light ranged in the nonspace of the mind, clusters and constellations of data. Like city lights, receding",William Gibson,Neuromancer,,@GreatDismal
"All the speed he took, all the turns he'd taken and the corners he'd cut in Night City, and still he'd see the matrix in his sleep, bright lattices of logic unfolding across that colorless void",William Gibson,Neuromancer,,@GreatDismal
"His eyes were eggs of unstable crystal, vibrating with a frequency whose name was rain and the sound of trains, suddenly sprouting a humming forest of hair-fine glass spines",William Gibson,Neuromancer,,@GreatDismal
"'Wonderful', the Flatline said,'I never did like to do anything simple when I could do it ass-backwards.' ",William Gibson,Neuromancer,,@GreatDismal
Things aren't different. Things are things. ,William Gibson,Neuromancer,,@GreatDismal
"You needed a new pancreas. The one we bought for you frees you from a dangerous dependency. Thanks, but I was enjoying that dependency",William Gibson,Neuromancer,,@GreatDismal
"We monitor many frequencies. We listen always. Came a voice, out of the babel of tongues, speaking to us. It played us a mighty dub",William Gibson,Neuromancer,,@GreatDismal
"His teeth sang in their individual sockets like tuning forks, each one pitch-perfect and clear as ethanol",William Gibson,Neuromancer,,@GreatDismal
"Lost, so small amid that dark, hands grown cold, body image fading down corridors of television sky",William Gibson,Neuromancer,,@GreatDismal
"A year here and he still dreamed of cyberspace, hope fading nightly. All the speed he took, all the turns he'd taken and the corners he cut in Night City, and he'd still see the matrix in his dreams, bright lattices of logic unfolding across that colourless void... The Sprawl was a long, strange way home now over the Pacific, and he was no Console Man, no cyberspace cowboy. Just another hustler, trying to make it through. But the dreams came on in the Japanese night like livewire voodoo, and he'd cry for it, cry in his sleep, and wake alone in the dark, curled in his capsule in some coffin hotel, hands clawed into the bedslab, temper foam bunched between his fingers, trying to reach the console that wasn't there",William Gibson,Neuromancer,,@GreatDismal
"His vision crawled with ghost hieroglyphs, translucent lines of symbols arranging themselves against the neutral backdrop of the bunker wall. He looked at the backs of his hands, saw faint neon molecules crawling beneath the skin, ordered by the unknowable code. He raised his right hand and moved it experimentally. It left a faint, fading trail of strobed afterimages",William Gibson,Neuromancer,,@GreatDismal
"Something he'd found and lost so many times. It belonged, he knew ��� he remembered ��� as she pulled him down, to the meat, the flesh the cowboys mocked. It was a vast thing, beyond knowing, a sea of information coded in spiral and pheromone, infinite intricacy that only the body, in its strong blind way, could ever read",William Gibson,Neuromancer,,@GreatDismal
"And the Flatline aligned the nose of Kuang's sting with the center of the dark below. And dove. Case's sensory input warped with their velocity. His mouth filled with an aching taste of blue. His eyes were eggs of unstable crystal, vibrating with a frequency whose name was rain and the sounds of trains, suddenly sprouting a humming forest of hair-fine spines. The spines split, bisected, split again, exponential growth under the dome of the Tessier-Ashpool ice",William Gibson,Neuromancer,,@GreatDismal
"And in the bloodlit dark behind his eyes, silver phosphenes boiled in from the edge of space, hypnagogic images jerking past like a film compiled of random frames. Symbols, figures, faces, a blurred, fragmented mandala of visual information",William Gibson,Neuromancer,,@GreatDismal
"Rain woke him, a slow drizzle, his feet tangled in coils of discarded fiberoptics. The arcade's sea of sound washed over him, receded, returned. Rolling over, he sat up and held his head",William Gibson,Neuromancer,,@GreatDismal
"You will come with us. We are at home with situations of legal ambiguity. The treaties under which our arm of the Registry operates grant us a great deal of flexibility. And we create flexibility, in situations where it is required",William Gibson,Neuromancer,,@GreatDismal
"Maelcum a rude boy, said the other, an a righteous tug pilot",William Gibson,Neuromancer,,@GreatDismal
"Case shuffled into the nearest door and watched the other passengers as he rode. A pair of predatory-looking Christian Scientists were edging toward a trio of young office techs who wore idealized holographic vaginas on their wrists, wet pink glittering under the harsh lighting. The techs licked their perfect lips nervously and eyed the Christian Scientists from beneath lowered metallic lids. The girls looked like tall, exotic grazing animals, swaying gracefully and unconsciously with the movement of the train, their high heels like polished hooves against the gray metal of the car's floor. Before they could stampede, take flight from the missionaries, the train reached Case's station",William Gibson,Neuromancer,,@GreatDismal
"The Matrix has its roots in primitive arcade games,' said the voice-over, 'in early graphics programs and military experimentation with cranial jacks.' On the Sony, a two-dimensional space war faded behind a forest of mathematically generated ferns, demonstrating the spatial possibilities of logarithmic spirals; cold blue military footage burned through, lab animals wired into test systems, helmets feeding into fire control circuits of tanks and war planes. 'Cyberspace. A consensual hallucination experienced daily by billions of legitimate operators, in every nation, by children being taught mathematical concepts... A graphic representation of data abstracted from the banks of every computer in the human system. Unthinkable complexity. Lines of light ranged in the nonspace of the mind, clusters and constellations of data. Like city lights, receding",William Gibson,Neuromancer,,@GreatDismal
"It was the root of street cool, too, the knowing posture that implied connection, invisible lines up to the hidden levels of influence",William Gibson,Neuromancer,,@GreatDismal
The future us already here. It's just unevenly distributed. ,William Gibson,Neuromancer,,@GreatDismal
,,,,
"You wake up at Seatac, SFO, LAX. You wake up at O'Hare, Dallas-Fort Worth, BWI. Pacific, mountain, central. Lose an hour, gain an hour. This is your life, and it's ending one minute at a time. You wake up at Air Harbor International. If you wake up at a different time, in a different place, could you wake up as a different person?",,Fightclub,Narrator,
This is your life and it's ending one minute at a time,,Fightclub,Tyler Durden,
"F** off with your sofa units and serine green stripe patterns, I say never be complete, I say stop being perfect, I say let... lets evolve, let the chips fall where they may",,Fightclub,Tyler Durden,
"Fight Club was the beginning, now it's moved out of the basement, it's called Project Mayhem",,Fightclub,Tyler Durden,
Only after disaster can we be resurrected,,Fightclub,Tyler Durden,
This is your life... good to the last drop,,Fightclub,Tyler Durden,
"Now as a question of etiquette, do I give you the ass or the crotch?",,Fightclub,Tyler Durden,
This is crazy...,,Fightclub,Narrator,
"People do it everyday, they talk to themselves... they see themselves as they'd like to be, they don't have the courage you have, to just run with it",,Fightclub,Tyler Durden,
I want you to do me a favor,,Fightclub,Tyler Durden,
"Yeah, sure..",,Fightclub,Narrator,
I want you to his me as hard as you can,,Fightclub,Tyler Durden,
Did you know if you mixed equal parts of gasoline and frozen orange juice concentrate you can make napalm?,,Fightclub,Tyler Durden,
No. I did not know that. Is that true?,,Fightclub,Narrator,
That's right; one can make all kinds of explosives using simple household items..,,Fightclub,Tyler Durden,
Really?,,Fightclub,Narrator,
If one were so inclined,,Fightclub,Tyler Durden,
"F*** damnation, man! F*** redemption! We are God's unwanted children? So be it!",,Fightclub,Tyler Durden,
OK. Give me some water!,,Fightclub,Narrator,
"Listen, you can run water over your hand and make it worse or..",,Fightclub,Tyler Durden,
look at me... or you can use vinegar and neutralize the burn,,Fightclub,Tyler Durden,
Please let me have it... *Please*!,,Fightclub,Narrator,
"First you have to give up, first you have to *know*... not fear... *know*... that someday you're gonna die",,Fightclub,Tyler Durden,
"All right, if the applicant is young, tell him he's too young. Old, too old. Fat, too fat. If the applicant then waits for three days without food, shelter, or encouragement he may then enter and begin his training",,Fightclub,Tyler Durden,
"We have front row seats for this theater of mass destruction. The demolition committee of Project Mayhem wrapped the foundation columns of a dozen buildings with blasting gelatin. In two minutes, primary charges will blow base charges and a few square blocks will be reduced to smoldering rubble. I know this... because Tyler knows this",,Fightclub,Narrator,
"Go ahead, Cornelius, you can cry",,Fightclub,Robert 'Bob' Paulson,
Candy stripe a cancer ward. It's not my problem,,Fightclub,Marla Singer,
I've got a stomachful of Xanax. I took what was left of a bottle. It might have been too much,,Fightclub,Marla Singer,
"It's getting exciting now, 2 and 1/2. Think of everything we've accomplished, man. Out these windows, we will view the collapse of financial history. One step closer to economic equilibrium",,Fightclub,Tyler Durden,
"I ask you for one thing, one simple thing",,Fightclub,Tyler Durden,
Why do people think that I'm you? Answer me!,,Fightclub,Narrator,
Sit,,Fightclub,Tyler Durden,
"Now answer me, why do people think that I'm you",,Fightclub,Narrator,
I think you know,,Fightclub,Tyler Durden,
"No, I don't",,Fightclub,Narrator,
"Yes, you do. Why would anyone possibly confuse you with me?",,Fightclub,Tyler Durden,
Uh... I... I don't know,,Fightclub,Narrator,
You got it,,Fightclub,Tyler Durden,
No,,Fightclub,Narrator,
Say it,,Fightclub,Tyler Durden,
Because...,,Fightclub,Narrator,
Say it,,Fightclub,Tyler Durden,
Because we're the same person,,Fightclub,Narrator,
That's right,,Fightclub,Tyler Durden,
I am Jack's smirking revenge,,Fightclub,Narrator,
"Man, I see in fight club the strongest and smartest men who've ever lived. I see all this potential, and I see squandering. God damn it, an entire generation pumping gas, waiting tables; slaves with white collars. Advertising has us chasing cars and clothes, working jobs we hate so we can buy shit we don't need. We're the middle children of history, man. No purpose or place. We have no Great War. No Great Depression. Our Great War's a spiritual war... our Great Depression is our lives. We've all been raised on television to believe that one day we'd all be millionaires, and movie gods, and rock stars. But we won't. And we're slowly learning that fact. And we're very, very pissed off",,Fightclub,Tyler Durden,
"First person that comes out this fucking door gets a... gets a *lead salad*, you understand?",,Fightclub,Narrator,
Its not until you lose everything that you are free to do anything,,Fightclub,Tyler Durden,
Is that your blood?,,Fightclub,Richard Chesler,
"Some of it, yeah",,Fightclub,Narrator,
"In the world I see - you are stalking elk through the damp canyon forests around the ruins of Rockefeller Center. You'll wear leather clothes that will last you the rest of your life. You'll climb the wrist-thick kudzu vines that wrap the Sears Tower. And when you look down, you'll see tiny figures pounding corn, laying strips of venison on the empty car pool lane of some abandoned superhighway",,Fightclub,Tyler Durden,
I felt like destroying something beautiful,,Fightclub,Narrator,
"You're not your job. You're not how much money you have in the bank. You're not the car you drive. You're not the contents of your wallet. You're not your fucking khakis. You're the all-singing, all-dancing crap of the world",,Fightclub,Tyler Durden,
"When you have insomnia, you're never really asleep... and you're never really awake",,Fightclub,Narrator,
"Listen up, maggots. You are not special. You are not a beautiful or unique snowflake. You're the same decaying organic matter as everything else",,Fightclub,Tyler Durden,
"On a long enough timeline, the survival rate for everyone drops to zero",,Fightclub,Narrator,
"The first rule of Fight Club is - you do not talk about Fight Club. The second rule of Fight Club is - you DO NOT talk about Fight Club. Third rule of Fight Club, someone yells Stop!, goes limp, taps out, the fight is over. Fourth rule, only two guys to a fight. Fifth rule, one fight at a time, fellas. Sixth rule, no shirt, no shoes. Seventh rule, fights will go on as long as they have to. And the eighth and final rule, if this is your first night at Fight Club, you have to fight",,Fightclub,Tyler Durden,
"When people think you're dying, they really, really listen to you, instead of just..",,Fightclub,Narrator,
#NAME?,,Fightclub,Marla Singer,
It's only after you've lost everything that you're free to do anything,,Fightclub,Tyler Durden,
"Man, you've got some fucked up friends, I'm tellin' ya. Limber, though..",,Fightclub,Tyler Durden,
The things you own end up owning you,,Fightclub,Tyler Durden,
"Well, what do you want me to do? You just want me to hit you?",,Fightclub,Narrator,
"C'mon, do me this one favor",,Fightclub,Tyler Durden,
Why?,,Fightclub,Narrator,
Why? I don't know why; I don't know. Never been in a fight. You?,,Fightclub,Tyler Durden,
"No, but that's a good thing",,Fightclub,Narrator,
"No, it is not. How much can you know about yourself, you've never been in a fight? I don't wanna die without any scars. So come on; hit me before I lose my nerve",,Fightclub,Tyler Durden,
This is crazy,,Fightclub,Narrator,
So go crazy. Let 'er rip,,Fightclub,Tyler Durden,
I don't know about this,,Fightclub,Narrator,
I don't either. Who gives a shit? No one's watching. What do you care?,,Fightclub,Tyler Durden,
"Whoa, wait, this is crazy. You want me to hit you?",,Fightclub,Narrator,
That's right,,Fightclub,Tyler Durden,
"What, like in the face?",,Fightclub,Narrator,
Surprise me,,Fightclub,Tyler Durden,
"Well, Jesus, I'm sorry",,Fightclub,Narrator,
"Ow, Christ... why the ear, man?",,Fightclub,Tyler Durden,
We just had a near-life experience,,Fightclub,Tyler Durden,
OK: any historic figure,,Fightclub,Tyler Durden,
I'd fight Gandhi,,Fightclub,Narrator,
Good answer,,Fightclub,Tyler Durden,
How about you?,,Fightclub,Narrator,
Lincoln,,Fightclub,Tyler Durden,
Lincoln?,,Fightclub,Narrator,
"Big guy, big reach. Skinny guys fight 'til they're burger",,Fightclub,Tyler Durden,
"A new car built by my company leaves somewhere traveling at 60 mph. The rear differential locks up. The car crashes and burns with everyone trapped inside. Now, should we initiate a recall? Take the number of vehicles in the field, A, multiply by the probable rate of failure, B, multiply by the average out-of-court settlement, C. A times B times C equals X. If X is less than the cost of a recall, we don't do one",,Fightclub,Narrator,
Are there a lot of these kinds of accidents?,,Fightclub,Business woman on plane,
You wouldn't believe,,Fightclub,Narrator,
Which car company do you work for?,,Fightclub,Business woman on plane,
A major one,,Fightclub,Narrator,
Did you know that if you mix equal parts of gasoline and frozen orange juice concentrate you can make napalm?,,Fightclub,Tyler Durden,
"No, I did not know that; is that true?",,Fightclub,Narrator,
"That's right... One could make all kinds of explosives, using simple household items",,Fightclub,Tyler Durden,
Really...?,,Fightclub,Narrator,
If one were so inclined,,Fightclub,Tyler Durden,
"Tyler, you are by far the most interesting single-serving friend I've ever met... see I have this thing: everything on a plane is single-serving..",,Fightclub,Narrator,
"Oh I get it, it's very clever",,Fightclub,Tyler Durden,
Thank you,,Fightclub,Narrator,
How's that working out for you?,,Fightclub,Tyler Durden,
What?,,Fightclub,Narrator,
Being clever,,Fightclub,Tyler Durden,
Great,,Fightclub,Narrator,
Keep it up then... Right up,,Fightclub,Tyler Durden,
"Now a question of etiquette; as I pass, do I give you the ass or the crotch...?",,Fightclub,Tyler Durden,
You have a kind of sick desperation in your laugh,,Fightclub,Tyler Durden,
"Shut up! Our fathers were our models for God. If our fathers bailed, what does that tell you about God?",,Fightclub,Tyler Durden,
"No, no, I... don't..",,Fightclub,Narrator,
"Listen to me! You have to consider the possibility that God does not like you. He never wanted you. In all probability, he hates you. This is not the worst thing that can happen",,Fightclub,Tyler Durden,
It isn't?,,Fightclub,Narrator,
Sticking feathers up your butt does not make you a chicken,,Fightclub,Tyler Durden,
I am Jack's cold sweat,,Fightclub,Narrator,
You're not getting this back. I consider it asshole tax,,Fightclub,Marla Singer,
"If I did have a tumor, I'd name it Marla",,Fightclub,Narrator,
What do you do for a living?,,Fightclub,Narrator,
Why? So you can pretend like you're interested?,,Fightclub,Tyler Durden,
I am Jack's raging bile duct,,Fightclub,Narrator,
"Oh, yeah, Chloe... Chloe looked the way Meryl Streep's skeleton would look if you made it smile and walk around the party being extra nice to everybody",,Fightclub,Narrator,
"Well, I'm still here. But I don't know for how long. That's as much certainty as anyone can give me. But I've got some good news: I no longer have any fear of death. But... I am in a pretty lonely place. No-one will have sex with me. I'm so close to the end and all I want is to get laid for the last time. I have pornographic movies in my apartment, and lubricants, and amyl nitrate..",,Fightclub,Chloe,
"Thank you, Chloe... everyone, let's thank Chloe",,Fightclub,Group Leader,
"A guy who came to Fight Club for the first time, his ass was a wad of cookie dough. After a few weeks, he was carved out of wood",,Fightclub,Narrator,
I ran. I ran until my muscles burned and my veins pumped battery acid. Then I ran some more,,Fightclub,Narrator,
"After fighting, everything else in your life got the volume turned down",,Fightclub,Narrator,
"If you wake up at a different time in a different place, could you wake up as a different person?",,Fightclub,Narrator,
"Without pain, without sacrifice, we would have nothing",,Fightclub,Tyler Durden,
"And then, something happened. I let go. Lost in oblivion. Dark and silent and complete. I found freedom. Losing all hope was freedom",,Fightclub,Narrator,
Do you know what a duvet is?,,Fightclub,Tyler Durden,
It's a comforter...,,Fightclub,Narrator,
It's a blanket. Just a blanket,,Fightclub,Tyler Durden,
Goddamn!,,Fightclub,Tyler Durden,
You just had a near-life experience!,,Fightclub,Tyler Durden,
"Everywhere I travel, tiny life. Single-serving sugar, single-serving cream, single pat of butter. The microwave Cordon Bleu hobby kit. Shampoo-conditioner combos, sample-packaged mouthwash, tiny bars of soap. The people I meet on each flight? They're single-serving friends",,Fightclub,Narrator,
"I'll tell you: we'll split up the week, okay? You take lymphoma, and tuberculosis..",,Fightclub,Narrator,
You take tuberculosis. My smoking doesn't go over at all,,Fightclub,Marla Singer,
"Okay, good, fine. Testicular cancer should be no contest, I think",,Fightclub,Narrator,
"Well, technically, I have more of a right to be there than you. You still have your balls",,Fightclub,Marla Singer,
You're kidding,,Fightclub,Narrator,
I don't know... am I?,,Fightclub,Marla Singer,
"No, no! What do you want?",,Fightclub,Narrator,
I'll take the parasites,,Fightclub,Marla Singer,
"You can't have both the parasites, but while you take the blood parasites..",,Fightclub,Narrator,
I want brain parasites,,Fightclub,Marla Singer,
"I'll take the blood parasites. But I'm gonna take the organic brain dementia, okay?",,Fightclub,Narrator,
I want that,,Fightclub,Marla Singer,
"You can't have the whole brain, that's..",,Fightclub,Narrator,
"So far you have four, I only have two!",,Fightclub,Marla Singer,
Okay. Take both the parasites. They're yours. Now we both have three,,Fightclub,Narrator,
I am Jack's complete lack of surprise,,Fightclub,Narrator,
It could be worse. A woman could cut off your penis while you're sleeping and toss it out the window of a moving car,,Fightclub,Tyler Durden,
There's always that,,Fightclub,Narrator,
"Hey, even the Mona Lisa's falling apart",,Fightclub,Tyler Durden,
"It's cheaper than a movie, and there's free coffee",,Fightclub,Marla Singer,
"Look, nobody takes this more seriously than me. That condo was my life, okay? I loved every stick of furniture in that place. That was not just a bunch of stuff that got destroyed, it was ME!",,Fightclub,Narrator,
I'd like to thank the Academy...,,Fightclub,Narrator,
I am Jack's wasted life,,Fightclub,Narrator,
I am Jack's inflamed sense of rejection,,Fightclub,Narrator,
"Fuck what you know. You need to forget about what you know, that's your problem. Forget about what you think you know about life, about friendship, and especially about you and me",,Fightclub,Tyler Durden,
I am Jack's broken heart,,Fightclub,Narrator,
Is Tyler my bad dream? Or am I Tyler's?,,Fightclub,Narrator,
You met me at a very strange time in my life,,Fightclub,Narrator,
Life insurance pays off triple if you die on a business trip,,Fightclub,Narrator,
Was it ticking?,,Fightclub,Narrator,
Actually throwers don't worry about ticking 'cause modern bombs don't tick,,Fightclub,Airport Security Officer,
"Sorry, throwers?",,Fightclub,Narrator,
"Baggage handlers. But, when a suitcase vibrates, then the throwers gotta call the police",,Fightclub,Airport Security Officer,
My suitcase was vibrating?,,Fightclub,Narrator,
"Nine times out of ten it's an electric razor, but every once in a while..",,Fightclub,Airport Security Officer,
"it's a dildo. Of course it's company policy never to, imply ownership in the event of a dildo... always use the indefinite article a dildo, never your dildo",,Fightclub,Airport Security Officer,
I don't own..,,Fightclub,Narrator,
"With a gun barrel between your teeth, you speak only in vowels",,Fightclub,Narrator,
"Fight club wasn't about winning or losing. It wasn't about words. The hysterical shouting was in tongues, like at a Pentecostal Church",,Fightclub,Narrator,
"I got in everyone's hostile little face. Yes, these are bruises from fighting. Yes, I'm comfortable with that. I am enlightened",,Fightclub,Narrator,
"The salt balance has to be just right, so the best fat for making soap comes from humans",,Fightclub,Tyler Durden,
Wait. What is this place?,,Fightclub,Narrator,
A liposuction clinic,,Fightclub,Tyler Durden,
"Except for their humping, Tyler and Marla were never in the same room. My parents pulled this exact same act for years",,Fightclub,Narrator,
"A condom is the glass slipper for our generation. You slip one on when you meet a stranger. You dance all night, and then you throw it away. The condom, I mean, not the stranger",,Fightclub,Marla Singer,
What?,,Fightclub,Narrator,
I got this dress at a thrift store for one dollar,,Fightclub,Marla Singer,
It was worth every penny,,Fightclub,Narrator,
"It's a bridesmaid's dress. Someone loved it intensely for one day, and then tossed it. Like a Christmas tree. So special. Then, bam, it's on the side of the road",,Fightclub,Marla Singer,
Tinsel still clinging to it. Like a sex crime victim. Underwear inside out. Bound with electrical tape,,Fightclub,Marla Singer,
"Well, then it suits you",,Fightclub,Narrator,
You can borrow it sometime,,Fightclub,Marla Singer,
"We're consumers. We are by-products of a lifestyle obsession. Murder, crime, poverty, these things don't concern me. What concerns me are celebrity magazines, television with 500 channels, some guy's name on my underwear. Rogaine, Viagra, Olestra",,Fightclub,Tyler Durden,
Martha Stewart,,Fightclub,Narrator,
She's a predator posing as a house pet,,Fightclub,Tyler Durden,
"Marla... the little scratch on the roof of your mouth that would heal if only you could stop tonguing it, but you can't",,Fightclub,Narrator,
"You had to give it to him: he had a plan. And it started to make sense, in a Tyler sort of way. No fear. No distractions. The ability to let that which does not matter truly slide",,Fightclub,Narrator,
"Emergency water landing, 600 miles an hour: blank faces, calm as Hindu cows",,Fightclub,Tyler Durden,
"Tell him. Tell him, The liberator who destroyed my property has realigned my perceptions",,Fightclub,Tyler Durden,
"And then, Tyler was gone",,Fightclub,Narrator,
You're the worst thing that's ever happened to me,,Fightclub,Marla Singer,
People are always asking me if know Tyler Durden,,Fightclub,Narrator,
Self improvement is masturbation. Now self destruction...,,Fightclub,Tyler Durden,
What are we doing tonight?,,Fightclub,Narrator,
Tonight? We make soap,,Fightclub,Tyler Durden,
Really,,Fightclub,Narrator,
"To make soap, first we render fat",,Fightclub,Tyler Durden,
You're Dr. Jekyll and Mr. Jackass!,,Fightclub,Marla Singer,
I flipped through catalogs and wondered: What kind of dining set defines me as a person?,,Fightclub,Narrator,
"Marla's philosophy of life is that she might die at any moment. The tragedy, she said, was that she didn't",,Fightclub,Narrator,
I can't get married - I'm a thirty-year-old boy,,Fightclub,Narrator,
Hitting bottom isn't a weekend retreat. It's not a goddamn seminar. Stop trying to control everything and just let go! LET GO!,,Fightclub,Tyler Durden,
"WHOA! WHOA! WHOA! Ok, you are now firing a gun at your 'imaginary friend' near 400 GALLONS OF NITROGLYCERINE!",,Fightclub,Tyler Durden,
Deja vu - all over again,,Fightclub,Narrator,
I'll bring us through this. As always. I'll carry you - kicking and screaming - and in the end you'll thank me,,Fightclub,Tyler Durden,
He was full of pep. Must've had his grande-latte enema,,Fightclub,Narrator,
"Every evening I died, and every evening I was born again, resurrected",,Fightclub,Narrator,
We have just lost cabin pressure,,Fightclub,Narrator,
"So when the snoody cat, and the courageous dog, with the celebrity voices meet for the first time in reel three, that's when you'll catch a flash of Tyler's contribution to the film",,Fightclub,Narrator,
"Nobody knows that they saw it, but they did..",,Fightclub,Narrator,
Even a hummingbird couldn't catch Tyler at work,,Fightclub,Narrator,
You're insane,,Fightclub,Narrator,
No. YOU ARE!,,Fightclub,Tyler Durden,
"Bob loved me because he thought my testicles were removed too. Being there, pressed against his tits, ready to cry. This was my vacation... and she ruined *everything*",,Fightclub,Narrator,
This is cancer right?,,Fightclub,Marla Singer,
"This chick Marla singer did not have testicular cancer. She was a liar. She had no diseases at all. I had seen her at Free and Clear my blood parasite group Thursdays. Then at Hope, my bi-monthly sickle cell circle. And again at Seize the Day, my tuberculous Friday night. Marla... the big tourist. Her lie reflected my lie. Suddenly I felt nothing. I couldn't cry, so once again I couldn't sleep",,Fightclub,Narrator,
Bob had bitch tits,,Fightclub,Narrator,
"With insomnia, nothing is real. Everything is far away. Everything is a copy of a copy of a copy",,Fightclub,Narrator,
"Tyler was a night person. While the rest of us slept, he worked. He had one part time job as a projectionist. See, a movie doesn't come all on one real. It comes on a few. See, there are these little dots on the screen",,Fightclub,Narrator,
"In the movie industry, we call them cigarette burns",,Fightclub,Tyler Durden,
"That's the cue for a change-over. The movie keeps on going, and nobody in the audience has any clue",,Fightclub,Narrator,
Why would anyone want this shit job?,,Fightclub,Tyler Durden,
Because it affords him other interesting opportunities,,Fightclub,Narrator,
Like splicing single frames of porn into family films...,,Fightclub,Tyler Durden,
"Reject the basic assumptions of civilization, especially the importance of materiel possessions",,Fightclub,Tyler Durden,
"You're too old, fat man. Your tits are too big",,Fightclub,Tyler Durden,
"We have front row seats for this theatre of mass destruction. The demolitions committee of Project Mayhem wrapped the foundation columns of a dozen buildings with blasting gelatin. In two minutes primary charges will blow base charges and a few square blocks will be reduced to smoldering rubble. I know this, because Tyler knows this",,Fightclub,Narrator,
"Tyler, I'm grateful to you; for everything that you've done for me. But this is too much. I don't want this",,Fightclub,Narrator,
"What do you want? Wanna go back to the shit job, fuckin' condo world, watching sitcoms? Fuck you, I won't do it",,Fightclub,Tyler Durden,
"I had it all. I had a stereo that was very decent, a wardrobe that was getting very respectable. I was close to being complete",,Fightclub,Narrator,
"Shit man, now it's all gone",,Fightclub,Tyler Durden,
"Clean food, please",,Fightclub,Narrator,
"In that case, sir, may I advise against the lady eating clam chowder?",,Fightclub,Waiter,
"No clam chowder, thank you",,Fightclub,Narrator,
"Listen. I tried Tyler. I really tried. There are things about you that I like, you're smart, you're funny, you're spectacular in bed. But you are intolerable. You have serious emotional problems, deep seated problems for which you should seek professional help",,Fightclub,Marla Singer,
"By the end of the first month, I didn't miss TV",,Fightclub,Narrator,
"If I didn't say anything, people always assumed the worst",,Fightclub,Narrator,
I wasn't really dying. I wasn't host to cancer or parasites. I was the warm little center that the life of this world crowded around,,Fightclub,Narrator,
"Most of the week we were Ozzie and Harriet, but every Saturday night we were finding something out: we were finding out more and more that we were not alone. It used to be that when I came home angry and depressed I'd just clean my condo, polish my Scandinavian furniture. I should have been looking for a new condo. I should have been haggling with my insurance company. I should have been upset about my nice, neat, flaming little shit. But I wasn't",,Fightclub,Narrator,
I'm gonna go inside and I'm gonna get a shovel,,Fightclub,Narrator,
Just tell him you fuckin' did it. Tell him you blew it all up. That's what he wants to hear,,Fightclub,Tyler Durden,
I've been going to Debtor's Anonymous. You want to see some really fucked-up people...,,Fightclub,Marla Singer,
"You're making a big mistake, fellas!",,Fightclub,Narrator,
I'm not Tyler Durden!,,Fightclub,Narrator,
"All right then, I'm Tyler Durden. Listen to me, I'm giving you a direct order. We're aborting this mission right now",,Fightclub,Narrator,
Tyler was now involved in a class action lawsuit against the Pressman Hotel over the urine content of their soup,,Fightclub,Narrator,
We're a generation of men raised by women. I'm wondering if another woman is really the answer we need,,Fightclub,Tyler Durden,
Home was a condo on the fifteenth floor of a filing cabinet for widows and young professionals. The walls were solid concrete. A foot of concrete is important when your next-door neighbor lets their hearing aid go and have to watch game-shows at full volume. Or when a volcanic blast of debris that used to be your furniture and personal effects blows out of your floor-to-ceiling windows and sails flaming into the night. I suppose these things happen,,Fightclub,Narrator,
You can swallow a pint of blood before you get sick,,Fightclub,Narrator,
"Get the fuck out of here, you're fired!",,Fightclub,Richard Chesler,
"I have a better solution. You keep me on the payroll as an outside consultant and in exchange for my salary, my job will be never to tell people these things that I know. I don't even have to come into the office, I can do this job from home",,Fightclub,Narrator,
"It's just, when you buy furniture, you tell yourself, that's it. That's the last sofa I'm gonna need. Whatever else happens, I've got that sofa problem handled",,Fightclub,Narrator,
I wish I could return the favor,,Fightclub,Marla Singer,
There's not a lot of breast cancer in the men in my family,,Fightclub,Narrator,
I could check your prostate,,Fightclub,Marla Singer,
"When deep space exploration ramps up, it'll be the corporations that name everything, the IBM Stellar Sphere, the Microsoft Galaxy, Planet Starbucks",,Fightclub,Narrator,
Well you did lose a lot of versatile solutions for modern living,,Fightclub,Tyler Durden,
"Bob is dead, they shot him in the head!",,Fightclub,Narrator,
"You wanna make an omelet, you gotta break some eggs",,Fightclub,Tyler Durden,
"It's called a changeover. The movie goes on, and nobody in the audience has any idea",,Fightclub,Narrator,
Now why would you want to put a gun to your head?,,Fightclub,Tyler Durden,
"Not my head, Tyler. Our head",,Fightclub,Narrator,
We are all part of the same compost heap,,Fightclub,Tyler Durden,
"Now, ancient people found their clothes got cleaner if they washed them at a certain spot in the river. You know why?",,Fightclub,Tyler Durden,
No,,Fightclub,Narrator,
"Human sacrifices were once made on the hills above this river. Bodies burnt, water speeded through the wood ashes to create lye",,Fightclub,Tyler Durden,
"This is lye - the crucial ingredient. The lye combined with the melted fat of the bodies, till a thick white soapy discharge crept into the river. May I see your hand, please?",,Fightclub,Tyler Durden,
What is this?,,Fightclub,Narrator,
This...,,Fightclub,Tyler Durden,
... is chemical burn,,Fightclub,Tyler Durden,
Tyler's not here. Tyler went away. Tyler's gone,,Fightclub,Narrator,